City_ID,City,Country,Date,Lat,Lng,Max Temp,Humidity,Cloudiness,Wind Speed
0,Lorengau,PG,2021-02-05 00:33:02,-2.0226,147.2712,80.8,80,100,6.96
1,Punta Arenas,CL,2021-02-05 00:30:55,-53.15,-70.9167,50.0,57,0,25.32
2,Cururupu,BR,2021-02-05 00:34:09,-1.8283,-44.8683,76.57,88,49,4.14
3,New Norfolk,AU,2021-02-05 00:32:01,-42.7826,147.0587,75.99,83,75,6.91
4,Albany,US,2021-02-05 00:29:21,42.6001,-73.9662,32.0,59,20,4.74
5,Lebu,CL,2021-02-05 00:32:30,-37.6167,-73.65,61.68,78,0,1.03
6,Cherskiy,RU,2021-02-05 00:32:34,68.75,161.3,-9.0,75,95,10.63
7,Ilulissat,GL,2021-02-05 00:29:08,69.2167,-51.1,1.4,39,0,13.8
8,Norman Wells,CA,2021-02-05 00:32:41,65.282,-126.8329,-40.0,67,40,2.3
9,Lasa,IT,2021-02-05 00:32:43,46.6166,10.7002,39.0,86,0,6.91
10,Haines Junction,CA,2021-02-05 00:32:26,60.7522,-137.5108,-14.8,64,63,0.56
11,Aykhal,RU,2021-02-05 00:34:11,66.0,111.5,-36.54,80,14,4.47
12,Fredericksburg,US,2021-02-05 00:31:14,38.3032,-77.4605,44.6,36,1,5.75
13,Mataura,NZ,2021-02-05 00:28:19,-46.1927,168.8643,68.94,47,51,3.42
14,Jamestown,US,2021-02-05 00:31:43,42.097,-79.2353,35.01,44,1,13.8
15,Saint-Philippe,RE,2021-02-05 00:31:48,-21.3585,55.7679,78.8,73,90,4.61
16,Nanortalik,GL,2021-02-05 00:32:08,60.1432,-45.2371,21.58,77,100,7.74
17,Hithadhoo,MV,2021-02-05 00:28:17,-0.6,73.0833,82.04,77,100,11.16
18,Yellowknife,CA,2021-02-05 00:30:05,62.456,-114.3525,-27.0,68,20,9.22
19,San Andres,CO,2021-02-05 00:34:12,12.5847,-81.7006,78.8,89,75,11.5
20,Port Alfred,ZA,2021-02-05 00:31:58,-33.5906,26.891,66.0,89,35,8.66
21,Ukiah,US,2021-02-05 00:31:02,39.1502,-123.2078,64.0,45,1,3.44
22,Cape Town,ZA,2021-02-05 00:31:23,-33.9258,18.4232,68.0,82,0,10.36
23,Pangnirtung,CA,2021-02-05 00:33:26,66.1451,-65.7125,8.6,78,90,9.22
24,Vaini,TO,2021-02-05 00:32:14,-21.2,-175.2,82.4,89,75,9.22
25,Tiksi,RU,2021-02-05 00:32:22,71.6872,128.8694,-21.03,88,100,7.61
26,Vao,NC,2021-02-05 00:28:48,-22.6667,167.4833,78.73,87,32,20.51
27,Bredasdorp,ZA,2021-02-05 00:32:03,-34.5322,20.0403,66.2,82,4,3.44
28,Qaanaaq,GL,2021-02-05 00:32:29,77.484,-69.3632,-20.6,61,56,8.16
29,Barrow,US,2021-02-05 00:31:51,71.2906,-156.7887,-25.6,83,75,9.22
30,Havre-Saint-Pierre,CA,2021-02-05 00:34:14,50.2334,-63.5986,32.0,93,90,4.61
31,Bambous Virieux,MU,2021-02-05 00:31:49,-20.3428,57.7575,79.0,78,20,6.91
32,Rikitea,PF,2021-02-05 00:28:08,-23.1203,-134.9692,78.69,68,98,10.8
33,Ushuaia,AR,2021-02-05 00:31:42,-54.8,-68.3,50.0,76,20,34.52
34,Klaksvik,FO,2021-02-05 00:31:59,62.2266,-6.589,33.8,60,100,14.97
35,North Bend,US,2021-02-05 00:31:29,43.4065,-124.2243,50.0,76,1,16.11
36,Abu Kamal,SY,2021-02-05 00:33:17,34.4506,40.9171,53.04,85,100,8.25
37,Gat,IL,2021-02-05 00:32:33,31.61,34.7642,55.99,100,100,3.0
38,Saldanha,ZA,2021-02-05 00:32:29,-33.0117,17.9442,60.8,88,0,8.05
39,Bollnas,SE,2021-02-05 00:34:15,61.3482,16.3946,7.0,87,26,1.01
40,Hermanus,ZA,2021-02-05 00:28:12,-34.4187,19.2345,66.99,85,27,1.01
41,Carballo,ES,2021-02-05 00:34:16,43.213,-8.691,48.0,96,100,1.43
42,Thayetmyo,MM,2021-02-05 00:34:16,19.3167,95.1833,67.96,45,0,3.33
43,Torring,DK,2021-02-05 00:34:16,55.85,9.4833,30.0,93,90,10.36
44,Kavieng,PG,2021-02-05 00:32:43,-2.5744,150.7967,84.88,73,97,9.44
45,Hobart,AU,2021-02-05 00:26:56,-42.8794,147.3294,78.01,83,75,6.91
46,Borborema,BR,2021-02-05 00:34:16,-21.6197,-49.0736,76.78,86,100,4.12
47,Thompson,CA,2021-02-05 00:31:59,55.7435,-97.8558,-7.6,71,90,10.36
48,Aksarka,RU,2021-02-05 00:34:17,66.5606,67.7975,-23.35,87,45,4.79
49,Tuatapere,NZ,2021-02-05 00:26:56,-46.1333,167.6833,67.39,51,78,4.41
50,Rafaela,AR,2021-02-05 00:34:17,-31.2503,-61.4867,71.01,77,0,1.01
51,Sakakah,SA,2021-02-05 00:30:05,29.9697,40.2064,55.4,88,40,9.22
52,Bowen,AU,2021-02-05 00:34:17,-20.0167,148.2333,87.8,66,75,8.05
53,Iqaluit,CA,2021-02-05 00:32:10,63.7506,-68.5145,14.0,79,90,18.41
54,Dikson,RU,2021-02-05 00:32:56,73.5069,80.5464,-5.24,92,100,14.14
55,Quatre Cocos,MU,2021-02-05 00:33:03,-20.2078,57.7625,79.0,78,20,6.91
56,Esperance,AU,2021-02-05 00:31:56,-33.8667,121.9,60.8,55,75,12.66
57,La Rioja,ES,2021-02-05 00:34:18,42.25,-2.5,44.6,93,0,1.14
58,Margate,GB,2021-02-05 00:28:50,51.3813,1.3862,46.99,90,79,3.0
59,Morgan City,US,2021-02-05 00:34:18,29.6994,-91.2068,66.2,77,90,12.66
60,Cockburn Town,TC,2021-02-05 00:26:58,21.4612,-71.1419,73.4,60,40,6.91
61,Avarua,CK,2021-02-05 00:31:58,-21.2078,-159.775,84.2,70,40,4.61
62,Geraldton,AU,2021-02-05 00:30:50,-28.7667,114.6,73.4,33,40,24.16
63,Bluff,NZ,2021-02-05 00:28:36,-46.6,168.3333,57.74,65,54,8.57
64,Boda,CF,2021-02-05 00:34:19,4.3189,17.4695,70.9,29,0,2.68
65,Georgetown,MY,2021-02-05 00:31:29,5.4112,100.3354,78.01,83,20,7.14
66,Mahebourg,MU,2021-02-05 00:31:50,-20.4081,57.7,77.0,78,20,6.91
67,Reforma,MX,2021-02-05 00:33:31,18.1,-91.0167,70.11,71,0,3.8
68,Kalabo,ZM,2021-02-05 00:32:31,-14.97,22.6814,67.05,90,100,2.62
69,Cotonou,BJ,2021-02-05 00:32:09,6.3654,2.4183,84.2,84,40,12.66
70,Kaitangata,NZ,2021-02-05 00:28:30,-46.2817,169.8464,57.99,70,28,15.99
71,Fortuna,US,2021-02-05 00:32:54,40.5982,-124.1573,53.01,66,1,11.5
72,Kitui,KE,2021-02-05 00:34:20,-1.367,38.0106,61.12,83,5,1.9
73,Samarai,PG,2021-02-05 00:34:21,-10.6167,150.6667,84.38,68,18,2.62
74,Yar-Sale,RU,2021-02-05 00:34:21,66.8333,70.8333,-21.66,87,6,6.64
75,Hualmay,PE,2021-02-05 00:28:16,-11.0964,-77.6139,71.29,77,93,6.15
76,Daugavpils,LV,2021-02-05 00:34:21,55.8833,26.5333,8.35,95,29,5.88
77,Dalbandin,PK,2021-02-05 00:34:21,28.8947,64.4101,43.75,50,0,4.61
78,Kapaa,US,2021-02-05 00:31:43,22.0752,-159.319,71.6,60,20,14.97
79,Atuona,PF,2021-02-05 00:28:09,-9.8,-139.0333,78.55,71,25,10.8
80,Clyde River,CA,2021-02-05 00:32:39,70.4692,-68.5914,-18.4,76,90,14.97
81,Mountain Home,US,2021-02-05 00:34:22,43.133,-115.6912,41.0,52,75,10.36
82,Minot,US,2021-02-05 00:34:22,48.2325,-101.2963,5.0,66,1,18.41
83,Sur,OM,2021-02-05 00:34:22,22.5667,59.5289,64.89,70,0,4.38
84,Kodiak,US,2021-02-05 00:31:46,57.79,-152.4072,33.8,69,1,2.71
85,Upernavik,GL,2021-02-05 00:32:38,72.7868,-56.1549,-6.54,70,97,4.74
86,Bonthe,SL,2021-02-05 00:34:23,7.5264,-12.505,77.45,86,0,6.31
87,Waipawa,NZ,2021-02-05 00:32:44,-41.4122,175.5153,60.01,77,90,19.57
88,Bubaque,GW,2021-02-05 00:34:23,11.2833,-15.8333,77.38,68,17,14.12
89,Maymyo,MM,2021-02-05 00:34:23,22.0333,96.4667,53.6,82,40,3.49
90,Fayaoue,NC,2021-02-05 00:34:24,-20.65,166.5333,80.49,82,3,16.87
91,Kiama,AU,2021-02-05 00:32:25,-34.6833,150.8667,82.0,72,82,4.0
92,Nicoya,CR,2021-02-05 00:34:25,10.1483,-85.452,80.6,57,0,16.11
93,Ca Mau,VN,2021-02-05 00:32:25,9.1769,105.15,78.64,71,21,8.01
94,Naze,JP,2021-02-05 00:32:03,28.3667,129.4833,64.4,59,20,3.44
95,Oktyabrskiy,RU,2021-02-05 00:34:25,54.4815,53.471,34.02,95,100,8.05
96,Palmer,US,2021-02-05 00:27:05,42.1584,-72.3287,32.0,59,20,3.44
97,Lavrentiya,RU,2021-02-05 00:32:58,65.5833,-171.0,-7.65,88,100,20.0
98,Gobabis,NA,2021-02-05 00:34:26,-22.45,18.9667,70.14,72,23,10.92
99,Kruisfontein,ZA,2021-02-05 00:27:06,-34.0033,24.7314,64.0,93,0,2.71
100,Tual,ID,2021-02-05 00:34:26,-5.6667,132.75,82.83,80,100,25.14
101,Itoman,JP,2021-02-05 00:34:26,26.1247,127.6694,64.4,63,40,8.05
102,Mount Gambier,AU,2021-02-05 00:32:14,-37.8333,140.7667,59.0,82,75,17.27
103,Havelock,US,2021-02-05 00:33:10,34.8791,-76.9013,46.0,60,1,6.91
104,Verkhnyaya Inta,RU,2021-02-05 00:28:56,65.9811,60.3094,-4.58,90,68,10.49
105,Aksu,CN,2021-02-05 00:34:27,41.1231,80.2644,20.7,87,57,1.52
106,Tommot,RU,2021-02-05 00:34:27,58.9564,126.2925,-25.69,79,0,0.81
107,Sisimiut,GL,2021-02-05 00:31:09,66.9395,-53.6735,6.04,75,100,13.51
108,Waingapu,ID,2021-02-05 00:33:06,-9.6567,120.2641,82.69,77,100,12.24
109,Qingdao,CN,2021-02-05 00:34:28,36.0986,120.3719,42.01,75,0,13.42
110,Khatanga,RU,2021-02-05 00:31:57,71.9667,102.5,-30.68,78,0,9.22
111,Yashkul,RU,2021-02-05 00:34:28,46.1711,45.3435,40.95,92,98,8.34
112,Arraial Do Cabo,BR,2021-02-05 00:32:00,-22.9661,-42.0278,77.4,83,0,26.82
113,Rawson,AR,2021-02-05 00:30:52,-43.3002,-65.1023,84.13,22,0,25.32
114,Fukue,JP,2021-02-05 00:31:11,32.6881,128.8419,44.6,81,75,1.14
115,Ribeira Grande,PT,2021-02-05 00:27:09,38.5167,-28.7,55.65,71,32,21.0
116,Batsfjord,NO,2021-02-05 00:34:29,70.6345,29.7185,23.0,86,75,17.27
117,Marsh Harbour,BS,2021-02-05 00:34:29,26.5412,-77.0636,65.28,54,96,4.7
118,Port Elizabeth,ZA,2021-02-05 00:32:29,-33.918,25.5701,66.2,88,0,2.3
119,Outlook,CA,2021-02-05 00:34:29,51.5001,-107.0513,1.99,78,100,4.61
120,Ponta Do Sol,PT,2021-02-05 00:28:50,32.6667,-17.1,51.01,63,94,3.0
121,East London,ZA,2021-02-05 00:30:08,-33.0153,27.9116,72.57,75,84,6.08
122,Keti Bandar,PK,2021-02-05 00:34:30,24.1447,67.4497,61.77,35,0,11.01
123,Tarata,BO,2021-02-05 00:34:30,-17.6167,-66.0167,62.6,67,75,3.44
124,Sao Joao Da Barra,BR,2021-02-05 00:32:22,-21.6403,-41.0511,77.9,82,0,21.83
125,Ponta Delgada,PT,2021-02-05 00:34:30,37.7333,-25.6667,55.4,62,40,11.5
126,Bethel,US,2021-02-05 00:27:11,41.3712,-73.414,28.99,74,1,2.66
127,Buala,SB,2021-02-05 00:34:30,-8.145,159.5921,85.24,71,0,8.77
128,Mukhen,RU,2021-02-05 00:34:31,48.1,136.1,-7.69,83,0,12.41
129,Issenye,TZ,2021-02-05 00:34:31,-2.0,34.3333,66.69,79,100,1.88
130,Longyearbyen,SJ,2021-02-05 00:32:33,78.2186,15.6401,17.6,67,75,13.8
131,Moyamba,SL,2021-02-05 00:34:31,8.1667,-12.4333,73.2,91,0,1.9
132,Cidreira,BR,2021-02-05 00:32:08,-30.1811,-50.2056,69.21,73,0,15.88
133,Estelle,US,2021-02-05 00:33:23,29.8458,-90.1067,66.99,72,75,14.97
134,Kenora,CA,2021-02-05 00:31:11,49.8167,-94.4337,1.4,71,90,11.5
135,Hovd,MN,2021-02-05 00:34:32,48.0056,91.6419,17.04,81,100,5.66
136,Egvekinot,RU,2021-02-05 00:34:32,66.3167,-179.1667,-18.47,88,100,17.78
137,Ocara,BR,2021-02-05 00:33:45,-4.4908,-38.5967,74.21,91,100,4.36
138,Port-Gentil,GA,2021-02-05 00:34:32,-0.7193,8.7815,82.4,89,40,9.22
139,Oranjemund,NA,2021-02-05 00:34:32,-28.55,16.4333,62.24,93,60,11.34
140,Busselton,AU,2021-02-05 00:28:06,-33.65,115.3333,64.0,62,0,1.01
141,Saskylakh,RU,2021-02-05 00:29:01,71.9167,114.0833,-40.56,75,0,3.13
142,Butaritari,KI,2021-02-05 00:27:13,3.0707,172.7902,79.63,86,100,13.51
143,Taunggyi,MM,2021-02-05 00:34:13,20.7833,97.0333,54.48,66,0,1.77
144,San Pedro,PH,2021-02-05 00:34:33,14.35,121.0167,84.0,69,40,1.14
145,Nelson Bay,AU,2021-02-05 00:33:15,-32.7167,152.15,82.4,51,0,13.8
146,Zeya,RU,2021-02-05 00:33:08,53.75,127.2667,-18.26,83,97,1.52
147,Jinchang,CN,2021-02-05 00:34:34,38.4953,102.1739,31.53,61,0,8.48
148,Chuy,UY,2021-02-05 00:29:13,-33.6971,-53.4616,64.98,84,62,13.02
149,Parintins,BR,2021-02-05 00:34:34,-2.6283,-56.7358,80.85,71,100,2.13
150,Aklavik,CA,2021-02-05 00:32:36,68.2191,-135.0107,-40.0,67,40,4.61
151,Komsomolskiy,UZ,2021-02-05 00:33:13,40.4272,71.7189,30.2,69,0,6.91
152,Chiang Rai,TH,2021-02-05 00:34:34,19.9167,99.9167,60.8,100,0,2.3
153,Isangel,VU,2021-02-05 00:31:57,-19.55,169.2667,86.0,74,75,3.44
154,Beringovskiy,RU,2021-02-05 00:34:35,63.05,179.3167,-0.02,92,100,8.52
155,Bac Lieu,VN,2021-02-05 00:34:35,9.285,105.7244,77.9,75,5,12.28
156,Campoverde,PE,2021-02-05 00:34:35,-8.4753,-74.8058,77.0,94,75,4.61
157,Laguna,US,2021-02-05 00:27:16,38.421,-121.4238,62.6,34,1,8.05
158,Maine-Soroa,NE,2021-02-05 00:34:35,13.2114,12.0241,66.7,27,0,12.44
159,Evreux,FR,2021-02-05 00:34:35,49.0241,1.1508,44.01,100,100,5.75
160,Carutapera,BR,2021-02-05 00:32:33,-1.195,-46.02,79.03,84,71,6.58
161,Bengkulu,ID,2021-02-05 00:31:58,-3.8004,102.2655,78.22,79,18,4.12
162,Umba,RU,2021-02-05 00:33:09,66.6871,34.3429,4.12,92,16,9.6
163,General Roca,AR,2021-02-05 00:34:36,-39.0333,-67.5833,86.0,39,0,2.3
164,Taree,AU,2021-02-05 00:34:36,-31.9,152.4667,80.6,61,40,12.66
165,Riyadh,SA,2021-02-05 00:33:11,24.6877,46.7219,64.4,25,0,3.44
166,Torbay,CA,2021-02-05 00:31:49,47.6666,-52.7314,42.01,100,1,6.91
167,Svetlogorsk,BY,2021-02-05 00:32:08,52.6333,29.7333,12.52,94,83,12.55
168,Saint George,US,2021-02-05 00:27:18,37.1041,-113.5841,54.0,24,1,4.72
169,Cabo San Lucas,MX,2021-02-05 00:27:02,22.8909,-109.9124,80.6,24,40,5.75
170,Bira,RU,2021-02-05 00:34:37,49.0,132.4667,-9.31,81,2,4.12
171,Ola,RU,2021-02-05 00:32:37,59.5833,151.2833,-3.08,84,87,15.41
172,Katsuura,JP,2021-02-05 00:33:21,35.1333,140.3,46.99,45,20,11.5
173,Rio Tercero,AR,2021-02-05 00:34:37,-32.173,-64.1141,66.0,74,0,1.99
174,Khao Yoi,TH,2021-02-05 00:34:38,13.2403,99.8243,71.01,78,9,4.81
175,Iralaya,HN,2021-02-05 00:34:38,15.0,-83.2333,77.0,75,40,4.61
176,Ushtobe,KZ,2021-02-05 00:34:38,45.2514,77.9838,26.62,90,100,0.69
177,Santo Tomas,PH,2021-02-05 00:34:38,14.1079,121.1414,84.0,69,40,1.14
178,Provideniya,RU,2021-02-05 00:27:19,64.3833,-173.3,-6.38,88,100,26.87
179,Agirish,RU,2021-02-05 00:34:38,61.9247,63.0231,5.34,95,98,4.85
180,Mecca,SA,2021-02-05 00:32:09,21.4267,39.8261,72.1,80,73,1.28
181,Idlib,SY,2021-02-05 00:34:39,35.9306,36.6339,46.4,93,40,7.45
182,Turtas,RU,2021-02-05 00:34:39,58.9417,69.1325,12.88,96,100,7.36
183,Victoria,HK,2021-02-05 00:33:12,22.2855,114.1577,66.0,78,75,1.99
184,Tarakan,ID,2021-02-05 00:34:39,3.3,117.6333,78.8,94,20,2.3
185,Tuktoyaktuk,CA,2021-02-05 00:27:21,69.4541,-133.0374,-34.6,74,40,10.36
186,Maniitsoq,GL,2021-02-05 00:34:40,65.4167,-52.9,12.74,73,99,6.78
187,Avera,US,2021-02-05 00:32:32,33.194,-82.5271,50.0,43,40,8.05
188,Anori,BR,2021-02-05 00:34:40,-3.7728,-61.6442,76.01,95,37,1.79
189,Hami,CN,2021-02-05 00:32:18,42.8,93.45,24.62,88,0,1.97
190,Salalah,OM,2021-02-05 00:32:11,17.0151,54.0924,71.6,73,40,4.61
191,Matagami,CA,2021-02-05 00:34:40,49.7502,-77.6328,23.0,80,1,10.36
192,Ahipara,NZ,2021-02-05 00:33:04,-35.1667,173.1667,69.73,66,100,5.08
193,Hasaki,JP,2021-02-05 00:32:13,35.7333,140.8333,42.8,42,20,14.97
194,Baghmara,IN,2021-02-05 00:34:42,23.795,86.2085,56.21,44,0,2.55
195,Nago,JP,2021-02-05 00:34:42,26.5881,127.9761,64.4,59,75,5.75
196,Ballina,AU,2021-02-05 00:32:54,-28.8667,153.5667,82.4,65,40,9.22
197,Tadine,NC,2021-02-05 00:34:42,-21.55,167.8833,81.88,77,0,14.7
198,Gravdal,NO,2021-02-05 00:34:43,68.1214,13.5031,34.93,84,100,17.2
199,Carnarvon,AU,2021-02-05 00:28:08,-24.8667,113.6333,78.85,80,100,23.35
200,Homer,US,2021-02-05 00:34:43,59.6425,-151.5483,27.0,74,1,10.36
201,Bilma,NE,2021-02-05 00:32:39,18.6853,12.9164,58.37,34,0,4.59
202,Susehri,TR,2021-02-05 00:33:05,40.1644,38.0867,36.27,83,40,2.26
203,Nikolskoye,RU,2021-02-05 00:27:24,59.7035,30.7861,8.01,85,75,8.95
204,Garmsar,IR,2021-02-05 00:34:44,35.2182,52.3409,48.02,51,98,1.07
205,Kasangulu,CD,2021-02-05 00:34:44,-4.5911,15.1708,75.2,88,75,4.61
206,Onalaska,US,2021-02-05 00:30:47,43.8844,-91.2351,24.8,68,90,17.27
207,Belyy Yar,RU,2021-02-05 00:34:44,53.6039,91.3903,8.6,85,100,2.24
208,Flin Flon,CA,2021-02-05 00:31:55,54.7682,-101.865,-4.0,77,75,8.05
209,Poros,GR,2021-02-05 00:34:44,37.4994,23.4536,57.0,75,0,6.13
210,Beverley,GB,2021-02-05 00:34:44,53.8459,-0.4233,44.01,100,75,10.36
211,Angoram,PG,2021-02-05 00:34:45,-4.0625,144.0661,81.91,80,89,1.74
212,Mar Del Plata,AR,2021-02-05 00:27:26,-38.0023,-57.5575,64.99,72,40,11.5
213,Nagar Karnul,IN,2021-02-05 00:34:45,16.4821,78.3247,60.84,59,0,4.27
214,Opuwo,NA,2021-02-05 00:34:45,-18.0607,13.84,71.15,33,49,3.09
215,Russellville,US,2021-02-05 00:33:22,35.2784,-93.1338,48.2,49,1,9.22
216,San Quintin,MX,2021-02-05 00:31:47,30.4833,-115.95,58.98,70,100,16.64
217,Grandview,US,2021-02-05 00:32:23,38.8858,-94.533,30.2,69,1,12.66
218,La Ferte-Bernard,FR,2021-02-05 00:34:46,48.1863,0.6536,43.0,100,90,2.3
219,Luderitz,NA,2021-02-05 00:32:42,-26.6481,15.1594,67.14,62,0,19.17
220,Sterling,US,2021-02-05 00:32:21,39.0062,-77.4286,39.2,38,1,4.61
221,Narsaq,GL,2021-02-05 00:33:12,60.9167,-46.05,15.8,48,93,4.61
222,Pasni,PK,2021-02-05 00:34:47,25.2631,63.471,65.95,28,0,8.25
223,Chokurdakh,RU,2021-02-05 00:28:24,70.6333,147.9167,-13.02,87,49,20.04
224,Nueva Helvecia,UY,2021-02-05 00:34:47,-34.3,-57.2333,66.0,82,0,8.72
225,Cascais,PT,2021-02-05 00:31:22,38.6979,-9.4215,53.01,92,100,8.34
226,Port Hardy,CA,2021-02-05 00:29:49,50.6996,-127.4199,42.8,100,90,4.61
227,Karangsembung,ID,2021-02-05 00:34:47,-6.8487,108.6422,78.15,82,100,8.84
228,Goundam,ML,2021-02-05 00:34:48,16.4145,-3.6708,74.89,17,100,6.82
229,Codrington,AU,2021-02-05 00:33:09,-38.2667,141.9667,55.53,80,100,12.35
230,Sao Miguel Do Araguaia,BR,2021-02-05 00:34:48,-13.275,-50.1628,76.51,79,94,3.31
231,Luwuk,ID,2021-02-05 00:33:14,-0.9516,122.7875,83.17,67,100,1.61
232,Pangkalanbuun,ID,2021-02-05 00:34:48,-2.6833,111.6167,78.3,89,58,3.27
233,Kieta,PG,2021-02-05 00:32:35,-6.2167,155.6333,86.9,62,9,6.15
234,Tura,IN,2021-02-05 00:33:01,25.5198,90.2201,58.87,59,0,3.2
235,Maldonado,UY,2021-02-05 00:34:49,-34.6667,-54.9167,68.0,83,75,23.02
236,San Carlos De Bariloche,AR,2021-02-05 00:32:26,-41.1456,-71.3082,80.6,16,0,6.91
237,Maragogi,BR,2021-02-05 00:32:35,-9.0122,-35.2225,78.35,81,42,9.89
238,Hanzhong,CN,2021-02-05 00:34:49,33.0728,107.0303,42.67,65,1,1.1
239,Nouakchott,MR,2021-02-05 00:31:56,18.0858,-15.9785,64.4,88,0,13.8
240,Pisco,PE,2021-02-05 00:33:17,-13.7,-76.2167,73.4,73,0,17.27
241,Natal,BR,2021-02-05 00:33:21,-5.795,-35.2094,80.6,74,0,11.5
242,Dawlatabad,AF,2021-02-05 00:31:52,36.4141,64.9053,44.71,50,10,2.33
243,Coahuayana,MX,2021-02-05 00:34:50,18.7333,-103.6833,78.8,69,1,2.66
244,Basco,PH,2021-02-05 00:34:50,20.4487,121.9702,70.74,73,22,21.92
245,Hilo,US,2021-02-05 00:28:35,19.7297,-155.09,73.4,73,75,17.27
246,Wajima,JP,2021-02-05 00:34:50,37.4,136.9,32.0,100,75,4.61
247,Valparaiso,CL,2021-02-05 00:32:03,-33.0393,-71.6273,63.0,100,40,5.75
248,Changtu,CN,2021-02-05 00:34:51,42.7788,124.0955,23.43,94,0,14.81
249,Airai,TL,2021-02-05 00:32:21,-8.9266,125.4092,67.39,96,100,4.99
250,Vila,PT,2021-02-05 00:34:51,42.0304,-8.1588,41.0,93,85,2.89
251,Nome,US,2021-02-05 00:32:00,64.5011,-165.4064,7.0,66,90,18.41
252,Reggello,IT,2021-02-05 00:34:51,43.6801,11.5293,53.6,94,75,3.44
253,Puerto Ayora,EC,2021-02-05 00:27:33,-0.7393,-90.3518,78.01,90,39,3.0
254,Faanui,PF,2021-02-05 00:34:52,-16.4833,-151.75,81.43,68,27,6.4
255,Magistralnyy,RU,2021-02-05 00:34:52,56.1725,107.4458,2.55,92,100,2.84
256,Huangmei,CN,2021-02-05 00:34:52,30.1924,116.025,49.05,91,100,1.74
257,Labuhan,ID,2021-02-05 00:32:19,-6.8844,112.2051,81.63,80,83,19.35
258,Hamilton,US,2021-02-05 00:28:45,39.1834,-84.5333,37.4,75,90,9.22
259,Warragul,AU,2021-02-05 00:34:53,-38.1667,145.9333,82.0,70,19,15.01
260,Matara,LK,2021-02-05 00:32:48,5.9485,80.5353,72.54,88,37,5.44
261,Plettenberg Bay,ZA,2021-02-05 00:34:53,-34.0527,23.3716,64.81,88,0,1.88
262,Guerrero Negro,MX,2021-02-05 00:32:37,27.9769,-114.0611,61.93,64,100,17.29
263,Inhambane,MZ,2021-02-05 00:34:53,-23.865,35.3833,80.31,85,9,3.27
264,Cabedelo,BR,2021-02-05 00:34:54,-6.9811,-34.8339,78.8,83,0,4.61
265,San Patricio,US,2021-02-05 00:27:35,28.017,-97.5169,73.4,68,40,12.66
266,Alofi,NU,2021-02-05 00:32:07,-19.0595,-169.9187,82.4,83,75,11.5
267,Winslow,US,2021-02-05 00:34:55,35.0242,-110.6974,51.8,25,1,14.97
268,Talnakh,RU,2021-02-05 00:32:24,69.4865,88.3972,-22.67,86,100,1.1
269,Najran,SA,2021-02-05 00:34:56,17.4924,44.1277,57.2,33,0,4.61
270,Elat,IL,2021-02-05 00:32:50,29.5581,34.9482,62.6,63,20,4.12
271,Northam,GB,2021-02-05 00:33:31,51.0333,-4.2167,43.0,95,11,5.99
272,Sao Filipe,CV,2021-02-05 00:32:28,14.8961,-24.4956,71.6,76,100,12.21
273,Skibbereen,IE,2021-02-05 00:34:56,51.55,-9.2667,42.8,87,75,10.36
274,Sal Rei,CV,2021-02-05 00:34:56,16.1833,-22.9167,68.0,73,40,13.8
275,Sept-Iles,CA,2021-02-05 00:33:19,50.2001,-66.3821,30.2,80,92,3.44
276,Moerai,PF,2021-02-05 00:27:37,-22.4333,-151.3333,81.07,74,10,13.24
277,Petropavlovsk-Kamchatskiy,RU,2021-02-05 00:28:13,53.0452,158.6483,10.4,56,42,2.24
278,San Ramon,US,2021-02-05 00:31:02,37.7799,-121.978,62.01,29,1,9.22
279,Poitiers,FR,2021-02-05 00:30:12,46.5833,0.3333,50.0,93,100,5.75
280,Pangai,TO,2021-02-05 00:34:57,-19.8,-174.35,82.4,83,75,11.5
281,Ocampo,MX,2021-02-05 00:34:58,21.65,-101.5,63.79,27,0,7.38
282,Tasiilaq,GL,2021-02-05 00:28:31,65.6145,-37.6368,26.6,80,75,18.41
283,Khandyga,RU,2021-02-05 00:34:58,62.6667,135.6,-44.0,78,100,1.41
284,Rio Gallegos,AR,2021-02-05 00:32:50,-51.6226,-69.2181,62.6,39,0,25.32
285,Tessalit,ML,2021-02-05 00:34:58,20.1986,1.0114,67.5,22,62,15.05
286,Bathsheba,BB,2021-02-05 00:31:50,13.2167,-59.5167,78.8,61,20,18.41
287,Dubai,AE,2021-02-05 00:33:15,25.2582,55.3047,68.0,34,0,3.44
288,Castro,BR,2021-02-05 00:31:53,-24.7911,-50.0119,66.09,95,0,4.34
289,Vila Franca Do Campo,PT,2021-02-05 00:32:16,37.7167,-25.4333,55.4,62,40,11.5
290,Imeni Poliny Osipenko,RU,2021-02-05 00:35:00,52.4201,136.4853,-21.48,83,96,6.35
291,Severo-Kurilsk,RU,2021-02-05 00:28:08,50.6789,156.125,11.88,88,77,10.85
292,Fereydun Kenar,IR,2021-02-05 00:35:01,36.6864,52.5225,54.55,66,78,3.36
293,Camrose,CA,2021-02-05 00:30:05,53.0168,-112.8353,3.2,78,94,13.8
294,Souillac,MU,2021-02-05 00:28:57,-20.5167,57.5167,77.0,78,20,6.91
295,Ancud,CL,2021-02-05 00:31:50,-41.8697,-73.8203,77.0,38,0,11.5
296,Marshfield,US,2021-02-05 00:34:47,44.6689,-90.1718,26.01,80,90,20.71
297,Saint-Joseph,RE,2021-02-05 00:35:03,-21.3667,55.6167,78.8,73,90,4.61
298,Yarega,RU,2021-02-05 00:33:10,63.4354,53.5765,12.99,97,99,4.9
299,Portland,US,2021-02-05 00:30:03,45.5234,-122.6762,46.0,91,78,3.0
300,Swan Hill,AU,2021-02-05 00:35:04,-35.3378,143.5544,70.02,55,87,8.5
301,Nkhotakota,MW,2021-02-05 00:35:04,-12.9274,34.2961,75.33,76,87,5.19
302,Anshun,CN,2021-02-05 00:35:04,26.25,105.9333,44.6,78,100,13.04
303,Vestmanna,FO,2021-02-05 00:35:04,62.1564,-7.1664,33.8,60,90,14.97
304,Tuburan,PH,2021-02-05 00:35:05,6.6439,122.2736,80.6,83,75,4.61
305,Camacha,PT,2021-02-05 00:35:05,33.0833,-16.3333,55.4,76,75,11.5
306,Guerande,FR,2021-02-05 00:35:05,47.3291,-2.4283,48.99,100,0,4.61
307,Fereydunshahr,IR,2021-02-05 00:35:05,32.941,50.121,28.83,80,52,4.0
308,Paracuru,BR,2021-02-05 00:35:05,-3.41,-39.0306,81.0,76,100,18.01
309,Yerbogachen,RU,2021-02-05 00:35:05,61.2767,108.0108,-25.6,86,89,1.32
310,Guanare,VE,2021-02-05 00:35:06,9.0418,-69.7421,81.52,58,68,3.13
311,Shache,CN,2021-02-05 00:32:36,38.4167,77.2406,27.14,82,0,4.14
312,Husavik,IS,2021-02-05 00:31:45,66.0449,-17.3389,28.4,59,0,5.75
313,Faya,SA,2021-02-05 00:33:24,18.3851,42.4509,59.0,67,0,9.22
314,Elverum,NO,2021-02-05 00:35:06,60.8819,11.5623,8.01,84,93,1.01
315,Elvange,LU,2021-02-05 00:35:06,49.5053,6.3164,42.8,87,40,6.91
316,Kralendijk,BQ,2021-02-05 00:33:27,12.15,-68.2667,80.6,83,40,20.71
317,Poya,NC,2021-02-05 00:35:07,-21.35,165.15,83.28,74,36,9.64
318,Limbang,MY,2021-02-05 00:33:11,4.75,115.0,78.8,89,75,2.3
319,Boshkengash,TJ,2021-02-05 00:35:07,38.4661,68.8053,37.4,60,24,8.95
320,Westport,US,2021-02-05 00:32:36,41.1415,-73.3579,33.8,64,1,3.71
321,Mandalgarh,IN,2021-02-05 00:35:07,25.2,75.1,52.2,86,0,4.5
322,Road Town,VG,2021-02-05 00:31:43,18.4167,-64.6167,78.8,83,40,9.22
323,Jumla,NP,2021-02-05 00:32:33,29.2747,82.1838,33.06,85,100,4.21
324,Shenjiamen,CN,2021-02-05 00:35:08,29.9576,122.298,51.46,87,97,9.98
325,Salinopolis,BR,2021-02-05 00:33:11,-0.6136,-47.3561,79.99,84,97,10.83
326,Bairiki,KI,2021-02-05 00:31:55,1.3292,172.9752,86.0,70,40,11.5
327,Zhanakorgan,KZ,2021-02-05 00:35:08,43.9098,67.2495,36.75,78,100,8.99
328,Mitsamiouli,KM,2021-02-05 00:35:08,-11.3847,43.2844,82.4,67,62,1.63
329,San Luis,AR,2021-02-05 00:35:09,-33.295,-66.3356,68.99,37,0,16.49
330,Alice Springs,AU,2021-02-05 00:27:03,-23.7,133.8833,71.6,68,75,10.36
331,Ouallam,NE,2021-02-05 00:35:09,14.3188,2.0866,73.87,19,0,10.74
332,Tilichiki,RU,2021-02-05 00:35:09,60.4667,166.1,-3.62,93,100,15.01
333,Maceio,BR,2021-02-05 00:29:12,-9.6658,-35.7353,77.0,88,20,6.91
334,Bonnyville,CA,2021-02-05 00:35:09,54.2668,-110.735,5.0,66,90,5.75
335,Ternate,ID,2021-02-05 00:35:10,0.8,127.4,82.83,72,100,2.59
336,Prudy,RU,2021-02-05 00:35:10,57.5738,46.2718,18.9,98,100,3.51
337,Te Anau,NZ,2021-02-05 00:35:10,-45.4167,167.7167,72.39,44,62,1.74
338,Srednekolymsk,RU,2021-02-05 00:33:07,67.45,153.6833,-7.83,83,99,17.02
339,Argir,FO,2021-02-05 00:35:10,61.9959,-6.7715,33.8,60,100,14.97
340,Broken Hill,AU,2021-02-05 00:28:14,-31.95,141.4333,66.2,39,40,5.75
341,Bose,IT,2021-02-05 00:35:11,45.4612,8.0137,46.0,95,100,1.63
342,Hauterive,FR,2021-02-05 00:32:09,46.0901,3.4459,46.4,76,0,4.61
343,Ossora,RU,2021-02-05 00:35:11,59.2353,163.0719,12.07,94,100,22.28
344,Prosvet,RU,2021-02-05 00:35:11,55.5703,65.0825,29.46,99,100,7.14
345,Nouadhibou,MR,2021-02-05 00:32:16,20.931,-17.0347,64.4,88,28,5.75
346,Katobu,ID,2021-02-05 00:35:11,-4.9408,122.5276,81.3,83,100,4.97
347,Kahului,US,2021-02-05 00:28:15,20.8947,-156.47,71.6,60,90,13.8
348,Vikulovo,RU,2021-02-05 00:35:12,56.8167,70.6107,14.02,96,100,9.91
349,Kerrobert,CA,2021-02-05 00:35:12,51.9168,-109.1348,3.2,78,90,3.44
350,Diego De Almagro,CL,2021-02-05 00:35:12,-26.3667,-70.05,61.61,47,0,1.43
351,College,US,2021-02-05 00:32:06,64.8569,-147.8028,-9.4,70,20,4.61
352,Asau,RO,2021-02-05 00:32:46,46.4333,26.4,39.0,65,4,2.77
353,Teahupoo,PF,2021-02-05 00:31:48,-17.8333,-149.2667,80.6,74,40,6.91
354,Pevek,RU,2021-02-05 00:32:17,69.7008,170.3133,-12.53,78,98,9.06
355,Jasper,US,2021-02-05 00:35:13,37.2001,-94.3502,37.4,52,1,11.5
356,Meulaboh,ID,2021-02-05 00:32:39,4.1363,96.1285,76.62,83,27,4.63
357,Sechura,PE,2021-02-05 00:32:26,-5.5569,-80.8222,78.39,61,98,12.88
358,Batemans Bay,AU,2021-02-05 00:35:14,-35.7167,150.1833,73.99,86,71,18.99
359,El Rosario,MX,2021-02-05 00:35:14,24.2556,-107.1828,84.2,37,20,5.75
360,Barra Do Garcas,BR,2021-02-05 00:35:14,-15.89,-52.2567,76.69,73,100,1.99
361,Walvis Bay,NA,2021-02-05 00:33:04,-22.9575,14.5053,64.99,82,0,5.75
362,Shahreza,IR,2021-02-05 00:35:14,32.0339,51.8794,42.49,57,100,2.82
363,Blacksburg,US,2021-02-05 00:35:14,37.2296,-80.4139,41.0,30,90,4.61
364,Padang,ID,2021-02-05 00:31:46,-0.9492,100.3543,75.2,88,40,2.3
365,Angoche,MZ,2021-02-05 00:35:15,-16.2325,39.9086,78.58,90,73,2.62
366,La Ronge,CA,2021-02-05 00:31:57,55.1001,-105.2842,-0.4,78,100,6.91
367,Chachapoyas,PE,2021-02-05 00:35:15,-6.2317,-77.869,56.37,88,100,3.44
368,Bulgan,MN,2021-02-05 00:35:15,48.8125,103.5347,14.88,86,28,9.15
369,Yamada,JP,2021-02-05 00:35:15,39.4667,141.95,31.71,83,7,10.31
370,Rongcheng,CN,2021-02-05 00:35:17,30.634,117.8517,49.5,88,100,1.12
371,Karratha,AU,2021-02-05 00:27:53,-20.7377,116.8463,82.54,76,33,12.5
372,Zhmerynka,UA,2021-02-05 00:35:17,49.037,28.112,32.0,80,96,18.21
373,Sao Miguel Do Iguacu,BR,2021-02-05 00:35:12,-25.3481,-54.2378,73.4,83,0,3.44
374,Sabang,ID,2021-02-05 00:35:17,5.8933,95.3214,81.16,77,64,23.64
375,Kloulklubed,PW,2021-02-05 00:31:51,7.0419,134.2556,84.2,74,75,14.97
376,Mana,GF,2021-02-05 00:32:50,5.6592,-53.7767,77.34,79,100,13.15
377,Stephenville,US,2021-02-05 00:35:18,32.2207,-98.2023,55.0,47,1,6.91
378,Aswan,EG,2021-02-05 00:32:44,24.0934,32.907,57.65,56,0,12.03
379,Neuquen,AR,2021-02-05 00:35:18,-38.9516,-68.0591,86.0,39,0,2.3
380,Henties Bay,NA,2021-02-05 00:35:18,-22.116,14.2845,64.99,85,10,1.99
381,Meadow Lake,US,2021-02-05 00:35:19,34.8014,-106.5436,51.01,15,20,16.11
382,Touros,BR,2021-02-05 00:32:23,-5.1989,-35.4608,78.8,73,0,9.22
383,Taltal,CL,2021-02-05 00:32:46,-25.4,-70.4833,64.74,77,26,3.15
384,Lancaster,US,2021-02-05 00:34:29,40.2504,-76.2499,35.6,48,1,3.44
385,Zhanjiang,CN,2021-02-05 00:35:19,21.2815,110.3427,66.85,71,75,14.23
386,Mattru,SL,2021-02-05 00:35:19,7.6244,-11.8332,74.97,89,0,1.83
387,Agadez,NE,2021-02-05 00:35:20,19.75,10.25,56.1,35,0,4.63
388,Itatiaia,BR,2021-02-05 00:35:20,-22.4961,-44.5633,72.64,84,96,2.55
389,Hesla,IN,2021-02-05 00:35:20,24.0667,85.8833,54.66,45,0,2.53
390,Coquimbo,CL,2021-02-05 00:33:22,-29.9533,-71.3436,60.8,82,75,9.22
391,Inirida,CO,2021-02-05 00:34:23,3.8653,-67.9239,76.93,84,91,1.48
392,Valdosta,US,2021-02-05 00:34:03,30.8327,-83.2785,57.2,33,1,5.75
393,Abbeville,FR,2021-02-05 00:30:23,50.1,1.8333,44.01,78,100,7.38
394,Port Hueneme,US,2021-02-05 00:33:08,34.1478,-119.1951,64.4,67,1,9.22
395,Aki,JP,2021-02-05 00:35:21,33.5,133.9,41.0,60,75,10.36
396,Nautla,MX,2021-02-05 00:35:21,20.2167,-96.7833,70.93,81,0,14.14
397,Ust-Kan,RU,2021-02-05 00:35:21,50.9276,84.761,14.16,90,100,3.58
398,Nishihara,JP,2021-02-05 00:27:58,26.1842,127.7558,64.4,55,40,3.44
399,Atar,MR,2021-02-05 00:32:19,20.5169,-13.0499,61.7,34,100,3.98
400,Vardo,NO,2021-02-05 00:27:58,70.3705,31.1107,23.0,86,75,17.27
401,Sitka,US,2021-02-05 00:32:21,57.0531,-135.33,37.4,93,40,14.97
402,Milkovo,RU,2021-02-05 00:33:09,54.7167,158.6167,5.88,87,69,4.32
403,Yarada,IN,2021-02-05 00:35:23,17.65,83.2667,62.6,88,0,2.3
404,Bow Island,CA,2021-02-05 00:35:23,49.8668,-111.3684,26.6,68,96,8.05
405,Leningradskiy,RU,2021-02-05 00:32:42,69.3833,178.4167,-25.73,85,100,11.45
406,Puerto Madryn,AR,2021-02-05 00:35:18,-42.7692,-65.0385,82.44,26,0,25.19
407,Pailon,BO,2021-02-05 00:35:24,-17.65,-62.75,80.6,73,40,3.44
408,Yumen,CN,2021-02-05 00:35:24,40.2833,97.2,28.53,61,0,15.35
409,Hofn,IS,2021-02-05 00:35:24,64.2539,-15.2082,35.92,80,100,15.5
410,Saint-Pierre,RE,2021-02-05 00:28:00,-21.3393,55.4781,78.8,73,90,4.61
411,Dabakala,CI,2021-02-05 00:32:57,8.3667,-4.4333,78.6,44,55,2.13
412,Gold Coast,AU,2021-02-05 00:31:21,-28.0,153.4333,84.99,57,75,12.66
413,Chardara,KZ,2021-02-05 00:35:25,41.2547,67.9692,46.44,54,100,9.28
414,Minab,IR,2021-02-05 00:35:25,27.1467,57.0801,57.2,58,0,9.22
415,Atasu,KZ,2021-02-05 00:35:25,48.6814,71.6433,19.47,95,94,8.63
416,Nanakuli,US,2021-02-05 00:33:11,21.3906,-158.1547,75.2,50,40,11.5
417,Rach Gia,VN,2021-02-05 00:35:25,10.0167,105.0833,75.2,100,40,2.3
418,Billings,US,2021-02-05 00:34:35,45.7833,-108.5007,37.0,41,90,24.16
419,Saint-Augustin,CA,2021-02-05 00:32:08,51.226,-58.6502,34.45,97,100,11.32
420,Aberdeen,GB,2021-02-05 00:35:26,57.1437,-2.0981,37.4,93,90,21.85
421,Kenai,US,2021-02-05 00:35:26,60.5544,-151.2583,19.4,86,90,8.05
422,Shetpe,KZ,2021-02-05 00:35:26,44.1667,52.1167,42.06,82,47,12.46
423,Youghal,IE,2021-02-05 00:35:26,51.95,-7.8506,44.01,87,75,10.36
424,Gimli,CA,2021-02-05 00:35:26,50.6336,-96.9907,1.4,78,100,10.36
425,Krasnyy Yar,RU,2021-02-05 00:35:27,46.5331,48.3456,39.2,93,90,8.95
426,Lagos,NG,2021-02-05 00:32:50,6.5833,3.75,82.4,89,20,6.91
427,Hat Yai,TH,2021-02-05 00:35:27,7.0084,100.4767,71.6,100,20,5.88
428,Zaozerne,UA,2021-02-05 00:35:27,45.1582,33.2787,48.99,72,32,1.99
429,Omsukchan,RU,2021-02-05 00:35:27,62.5333,155.8,-15.86,85,100,4.45
430,Ambilobe,MG,2021-02-05 00:35:28,-13.2,49.05,73.78,93,84,1.97
431,Elban,RU,2021-02-05 00:35:28,50.1018,136.5094,-13.47,84,83,4.47
432,Verkhnevilyuysk,RU,2021-02-05 00:35:28,63.4453,120.3167,-41.85,80,52,3.38
433,Gambo,CF,2021-02-05 00:35:28,4.6482,22.2633,66.83,83,24,1.97
434,Ostrovnoy,RU,2021-02-05 00:28:04,68.0531,39.5131,11.12,93,100,21.39
435,Flinders,AU,2021-02-05 00:35:28,-34.5833,150.8552,82.0,72,83,4.0
436,Novyy Urengoy,RU,2021-02-05 00:32:25,66.0833,76.6333,-21.23,87,63,8.16
437,Mayumba,GA,2021-02-05 00:35:29,-3.432,10.6554,79.11,86,100,5.64
438,Strezhevoy,RU,2021-02-05 00:35:29,60.7333,77.5889,1.4,85,90,2.24
439,Manicore,BR,2021-02-05 00:35:29,-5.8092,-61.3003,77.77,87,64,1.79
440,Poum,NC,2021-02-05 00:28:05,-20.2333,164.0167,80.38,81,9,14.45
441,Pangoa,PE,2021-02-05 00:32:49,-12.1167,-73.0,70.12,96,100,1.45
442,Paso De Los Toros,UY,2021-02-05 00:35:29,-32.8167,-56.5167,64.13,66,0,9.08
443,Benguela,AO,2021-02-05 00:35:05,-12.5763,13.4055,73.06,84,6,1.9
444,Kaseda,JP,2021-02-05 00:35:30,31.4167,130.3167,37.4,87,20,5.75
445,Praia,CV,2021-02-05 00:33:22,14.9215,-23.5087,69.8,73,75,16.11
446,Kavaratti,IN,2021-02-05 00:28:06,10.5669,72.642,80.76,76,61,10.67
447,Manaure,CO,2021-02-05 00:35:30,11.7751,-72.4445,80.55,73,99,18.48
448,Charters Towers,AU,2021-02-05 00:33:13,-20.1,146.2667,84.02,61,82,11.36
449,Korhogo,CI,2021-02-05 00:35:31,9.45,-5.6333,76.05,20,62,1.28
450,Gizo,SB,2021-02-05 00:35:31,-8.103,156.8419,85.77,68,67,9.66
451,Kabanjahe,ID,2021-02-05 00:35:31,3.1001,98.4908,77.0,100,20,3.44
452,Nenagh,IE,2021-02-05 00:35:31,52.8619,-8.1967,42.8,87,90,6.91
453,Piterka,RU,2021-02-05 00:35:31,50.6803,47.4454,38.53,96,100,15.08
454,Mormugao,IN,2021-02-05 00:35:31,15.4,73.8,71.6,83,81,1.14
455,Sena Madureira,BR,2021-02-05 00:35:32,-9.0656,-68.6569,76.24,88,100,0.83
456,Nuuk,GL,2021-02-05 00:35:32,64.1835,-51.7216,14.0,52,20,21.85
457,Fairbanks,US,2021-02-05 00:28:08,64.8378,-147.7164,-14.01,76,20,3.44
458,Adrar,MR,2021-02-05 00:32:28,20.5022,-10.0711,69.67,20,0,8.88
459,Rumuruti,KE,2021-02-05 00:30:56,0.267,36.5389,53.47,88,0,1.5
460,Muli,MV,2021-02-05 00:35:32,2.9167,73.5667,81.63,74,98,16.73
461,Puerto Ayacucho,VE,2021-02-05 00:35:32,5.6639,-67.6236,81.23,73,100,0.85
462,Broome,US,2021-02-05 00:28:09,42.2506,-75.833,30.2,59,1,2.19
463,Tabuk,PH,2021-02-05 00:35:33,17.4189,121.4443,72.0,81,62,4.85
464,Castle Rock,US,2021-02-05 00:35:33,39.3722,-104.8561,34.0,59,0,4.09
465,Tim,RU,2021-02-05 00:35:33,51.6222,37.1244,33.62,100,100,12.84
466,Malindi,KE,2021-02-05 00:33:11,-3.2175,40.1191,77.45,83,93,6.26
467,Namibe,AO,2021-02-05 00:35:33,-15.1961,12.1522,71.06,71,0,6.02
468,Mulanje,MW,2021-02-05 00:35:34,-16.0316,35.5,69.84,84,2,2.28
469,Ayr,GB,2021-02-05 00:35:34,55.4627,-4.6339,42.8,87,75,14.97
470,Merauke,ID,2021-02-05 00:35:34,-8.4667,140.3333,80.47,86,100,12.8
471,Hay River,CA,2021-02-05 00:35:34,60.8156,-115.7999,-22.0,69,71,12.66
472,Zalantun,CN,2021-02-05 00:35:34,48.0,122.7167,5.94,89,15,3.91
473,Mount Pleasant,US,2021-02-05 00:35:34,32.7941,-79.8626,48.99,71,1,11.27
474,Olafsvik,IS,2021-02-05 00:32:56,64.8945,-23.7142,38.07,83,100,36.08
475,Jiuquan,CN,2021-02-05 00:35:35,39.7432,98.5174,23.65,71,0,2.37
476,Yazman,PK,2021-02-05 00:35:35,29.1212,71.7446,51.04,63,0,3.6
477,Grootfontein,NA,2021-02-05 00:32:37,-19.5667,18.1167,71.6,78,85,2.3
478,Eggenfelden,DE,2021-02-05 00:35:35,48.4054,12.7626,41.0,90,100,4.7
479,Novita,CO,2021-02-05 00:35:35,4.9551,-76.6053,76.57,91,100,2.75
480,Noumea,NC,2021-02-05 00:35:35,-22.2763,166.4572,84.99,70,75,10.36
481,Chernyshevskiy,RU,2021-02-05 00:35:36,63.0128,112.4714,-34.78,85,97,3.11
482,Atlantis,ZA,2021-02-05 00:35:36,-33.5667,18.4834,66.0,87,0,4.27
483,Birin,NP,2021-02-05 00:35:36,26.8865,88.0718,46.26,71,0,4.85
484,Moosomin,CA,2021-02-05 00:35:36,50.1333,-101.6677,-6.05,90,100,14.16
485,Kolokani,ML,2021-02-05 00:35:36,13.5728,-8.0339,73.87,17,0,5.59
486,Aborlan,PH,2021-02-05 00:35:36,9.4352,118.5492,78.8,78,40,6.91
487,Isabela,PH,2021-02-05 00:35:37,6.7085,121.9711,80.6,83,75,4.61
488,Kosa,RU,2021-02-05 00:35:37,59.9445,54.9977,19.38,98,100,6.87
489,Half Moon Bay,US,2021-02-05 00:35:37,37.4636,-122.4286,60.8,76,1,10.36
490,Kharan,PK,2021-02-05 00:34:11,28.5833,65.4167,44.49,49,0,2.35
491,Santa Maria,BR,2021-02-05 00:35:38,-29.6842,-53.8069,69.8,83,75,1.14
492,Omboue,GA,2021-02-05 00:32:27,-1.5746,9.2618,78.19,87,100,4.16
493,Krasnoarmeysk,RU,2021-02-05 00:35:38,51.0239,45.6969,36.0,90,100,3.0
494,Morondava,MG,2021-02-05 00:35:39,-20.2833,44.2833,80.98,78,100,3.87
495,Robe,AU,2021-02-05 00:35:13,-37.1833,139.75,61.57,64,0,19.13
496,Kremenchuk,UA,2021-02-05 00:35:39,49.0973,33.4197,29.64,95,81,23.69
497,Xining,CN,2021-02-05 00:35:39,36.6167,101.7667,18.84,63,0,2.53
498,Magadan,RU,2021-02-05 00:35:39,59.5667,150.8,-2.85,83,81,15.82
499,Nushki,PK,2021-02-05 00:35:39,29.5542,66.0215,42.53,55,0,1.39
500,Talcahuano,CL,2021-02-05 00:30:15,-36.7167,-73.1167,59.0,94,90,9.22
501,Kincardine,GB,2021-02-05 00:35:40,56.0667,-3.7167,42.8,93,90,6.91
502,Puerto Carreno,CO,2021-02-05 00:35:40,6.189,-67.4859,84.09,61,100,12.03
503,Dingle,PH,2021-02-05 00:33:30,10.9995,122.6711,80.24,83,89,13.67
504,Praia Da Vitoria,PT,2021-02-05 00:32:12,38.7333,-27.0667,53.6,82,75,19.73
505,Yulara,AU,2021-02-05 00:30:03,-25.2406,130.9889,68.0,60,90,11.5
506,Pangody,RU,2021-02-05 00:32:56,65.85,74.4859,-23.22,87,90,5.84
507,Umm Lajj,SA,2021-02-05 00:31:09,25.0213,37.2685,69.08,52,0,6.8
508,Ilheus,BR,2021-02-05 00:33:19,-14.7889,-39.0494,80.6,83,40,9.22
509,Krasnoselkup,RU,2021-02-05 00:35:41,65.7,82.4667,-23.62,86,36,6.67
510,Vitim,RU,2021-02-05 00:35:41,59.4511,112.5578,-12.01,87,100,1.05
511,Ixtapa,MX,2021-02-05 00:31:47,20.7,-105.2,73.4,83,1,9.22
512,Alizai,PK,2021-02-05 00:35:41,33.5383,70.3462,42.24,61,0,1.3
513,Constitucion,CL,2021-02-05 00:30:56,-35.3333,-72.4167,60.17,91,82,2.77
514,Sakhon Nakhon,TH,2021-02-05 00:35:42,17.1612,104.1472,62.6,94,0,6.62
515,Kroya,ID,2021-02-05 00:35:42,-7.6331,109.2461,79.0,82,100,2.73
516,Tabuny,RU,2021-02-05 00:35:42,52.7773,78.7896,14.09,96,100,5.84
517,Sao Jose Da Coroa Grande,BR,2021-02-05 00:35:42,-8.8978,-35.1478,78.57,81,64,10.18
518,Anadyr,RU,2021-02-05 00:35:43,64.75,177.4833,3.2,78,90,38.03
519,Ouadda,CF,2021-02-05 00:35:43,8.0777,22.4007,73.29,21,0,6.91
520,Nacogdoches,US,2021-02-05 00:35:43,31.6002,-94.6335,66.2,52,1,11.5
521,Klyuchi,RU,2021-02-05 00:35:43,52.2667,79.1667,21.22,98,100,4.79
522,Zubtsov,RU,2021-02-05 00:33:10,56.1753,34.5894,3.09,93,42,7.47
523,Mordovo,RU,2021-02-05 00:35:43,52.0834,40.77,35.76,98,100,8.59
524,Anage,BR,2021-02-05 00:35:44,-14.6122,-41.1356,72.7,84,4,4.05
525,Wanning,CN,2021-02-05 00:35:07,18.8003,110.3967,69.82,79,32,5.39
526,Charcas,MX,2021-02-05 00:35:44,23.1333,-101.1167,69.26,21,0,5.75
527,Lucenec,SK,2021-02-05 00:35:44,48.3325,19.6671,35.98,86,100,1.48
528,Banjar,ID,2021-02-05 00:28:21,-8.19,114.9675,82.4,83,20,4.61
529,Bontang,ID,2021-02-05 00:35:44,0.1333,117.5,80.02,82,100,3.67
530,Uyuni,BO,2021-02-05 00:35:44,-20.4597,-66.825,55.35,58,72,19.93
531,San Rafael,AR,2021-02-05 00:34:11,-34.6177,-68.3301,76.95,24,0,7.56
532,Nizwa,OM,2021-02-05 00:33:54,22.9333,57.5333,52.83,74,0,1.16
533,Pacifica,US,2021-02-05 00:31:06,37.6138,-122.4869,59.0,76,1,10.36
534,Bereda,ES,2021-02-05 00:35:45,43.2686,-7.5406,46.0,100,99,1.97
535,Coihaique,CL,2021-02-05 00:35:45,-45.5752,-72.0662,77.0,33,0,3.44
536,Tobermory,CA,2021-02-05 00:31:44,45.2501,-81.6665,33.8,51,100,8.05
537,Gisborne,NZ,2021-02-05 00:35:45,-38.6533,178.0042,63.0,72,27,8.01
538,Cayenne,GF,2021-02-05 00:35:46,4.9333,-52.3333,77.0,94,90,8.05
539,Machiques,VE,2021-02-05 00:35:46,10.0644,-72.545,80.26,67,86,9.95
540,Nadym,RU,2021-02-05 00:35:46,65.5333,72.5167,-26.27,86,5,5.3
541,Ipixuna,BR,2021-02-05 00:35:46,-1.7625,-48.8043,77.0,94,20,2.3
542,Piacabucu,BR,2021-02-05 00:35:46,-10.4056,-36.4344,78.71,78,0,11.77
543,Baghdad,IQ,2021-02-05 00:35:34,33.3406,44.4009,59.0,63,90,9.22
544,Carros,FR,2021-02-05 00:35:47,43.7894,7.184,53.6,82,75,5.75
545,Wyndham,US,2021-02-05 00:35:47,37.6985,-77.6125,42.01,56,1,6.02
546,Chapais,CA,2021-02-05 00:35:47,49.7834,-74.8492,17.6,86,1,2.66
547,Itacarambi,BR,2021-02-05 00:35:47,-15.1022,-44.0919,72.82,84,67,0.89
548,Nabire,ID,2021-02-05 00:35:47,-3.3667,135.4833,84.74,70,100,1.52
549,Alghero,IT,2021-02-05 00:35:48,40.5589,8.3181,46.4,100,0,1.14
550,Barranca,PE,2021-02-05 00:35:48,-10.75,-77.7667,69.39,82,83,4.63
551,Sibolga,ID,2021-02-05 00:35:48,1.7427,98.7792,76.95,81,99,2.8
552,Novopokrovka,UA,2021-02-05 00:35:48,49.8425,36.5477,37.4,93,75,6.71
553,Bitung,ID,2021-02-05 00:35:48,1.4451,125.1824,78.8,89,20,1.14
554,Itarema,BR,2021-02-05 00:27:37,-2.9248,-39.9167,78.57,79,78,12.06
555,Pativilca,PE,2021-02-05 00:35:49,-10.7,-77.7833,69.55,80,85,4.83
556,Thyolo,MW,2021-02-05 00:33:20,-16.0678,35.1405,66.4,98,4,1.63
557,Roma,US,2021-02-05 00:32:35,43.2128,-75.4557,24.8,74,1,3.44
558,Hargeysa,SO,2021-02-05 00:35:49,9.56,44.065,52.95,73,0,2.39
559,Kargil,IN,2021-02-05 00:35:49,34.5667,76.1,-6.97,73,71,1.97
560,Webuye,KE,2021-02-05 00:35:49,0.6075,34.7697,59.0,88,0,3.44
561,Orangeburg,US,2021-02-05 00:35:49,33.4918,-80.8557,50.0,50,1,5.75
